label,compiler,dictionary_words,input_mb,configuration,median_mb_s,best_mb_s,tokens_s
lb,"gcc 13.2.0",93572,100.6,decode+pretokenize,353.45,364.76,4256846
lb,"gcc 13.2.0",93572,100.6,viterbi,44.89,45.55,3489811
lb,"gcc 13.2.0",93572,100.6,fmm,77.96,78.50,5809296
lb,"gcc 13.2.0",93572,100.6,bmm,75.97,76.77,5666887
lb,"gcc 13.2.0",93572,100.6,bimm,40.73,41.45,3023531
khpos.train,"gcc 13.2.0",6836,100.6,decode+pretokenize,325.26,398.09,3917370
khpos.train,"gcc 13.2.0",6836,100.6,viterbi,71.57,72.36,5489108
khpos.train,"gcc 13.2.0",6836,100.6,fmm,106.82,107.99,8196337
khpos.train,"gcc 13.2.0",6836,100.6,bmm,101.64,102.98,7798830
khpos.train,"gcc 13.2.0",6836,100.6,bimm,69.75,70.95,5347527
